username,firstname,lastname,email,password
robot1,Student2,Student2,camylle.bins69@yahoo.com,123456
robot2,Student3,Student3,trystan_corkery7@hotmail.com,123456
robot3,Student4,Student4,nigel.ohara82@hotmail.com,123456
robot4,Student5,Student5,clemmie.jacobson9@yahoo.com,123456
robot5,Student6,Student6,hardy.west@yahoo.com,123456
robot6,Student7,Student7,ike.gleichner@hotmail.com,123456
robot7,Student8,Student8,haylee.murray44@yahoo.com,123456
robot8,Student9,Student9,gladyce.dickens57@gmail.com,123456
robot9,Student10,Student10,wilford91@gmail.com,123456
robot10,Student11,Student11,llewellyn.pfannerstill@yahoo.com,123456
robot11,Student12,Student12,crawford.boyer@yahoo.com,123456
robot12,Student13,Student13,chris_dicki26@hotmail.com,123456
robot13,Student14,Student14,alda_okeefe@hotmail.com,123456
robot14,Student15,Student15,ivah.greenholt48@yahoo.com,123456
robot15,Student16,Student16,destin.hudson@hotmail.com,123456
robot16,Student17,Student17,dorcas.stroman84@hotmail.com,123456
robot17,Student18,Student18,courtney_bednar@yahoo.com,123456
robot18,Student19,Student19,lois49@gmail.com,123456
robot19,Student20,Student20,bertram95@hotmail.com,123456
robot20,Student21,Student21,cathryn82@gmail.com,123456
robot21,Student22,Student22,cecelia.cassin@hotmail.com,123456
robot22,Student23,Student23,rex64@gmail.com,123456
robot23,Student24,Student24,max68@gmail.com,123456
robot24,Student25,Student25,yazmin18@yahoo.com,123456
robot25,Student26,Student26,jenifer.keebler@hotmail.com,123456
robot26,Student27,Student27,candace.nienow60@hotmail.com,123456
robot27,Student28,Student28,marisol53@yahoo.com,123456
robot28,Student29,Student29,shania76@yahoo.com,123456
robot29,Student30,Student30,leila81@gmail.com,123456
robot30,Student31,Student31,frederick_cronin46@gmail.com,123456
robot31,Student32,Student32,antonette95@hotmail.com,123456
robot32,Student33,Student33,javier.lindgren18@hotmail.com,123456
robot33,Student34,Student34,dannie_bahringer@hotmail.com,123456
robot34,Student35,Student35,darrin.douglas@hotmail.com,123456
robot35,Student36,Student36,kiley_ledner42@hotmail.com,123456
robot36,Student37,Student37,sydnie_wolff@gmail.com,123456
robot37,Student38,Student38,triston_schmeler@gmail.com,123456
robot38,Student39,Student39,tiana_little48@gmail.com,123456
robot39,Student40,Student40,nils_johns@gmail.com,123456
robot40,Student41,Student41,vella.little97@hotmail.com,123456
robot41,Student42,Student42,alice_pacocha@hotmail.com,123456
robot42,Student43,Student43,dominic.moen38@gmail.com,123456
robot43,Student44,Student44,laron_schowalter@hotmail.com,123456
robot44,Student45,Student45,toney69@yahoo.com,123456
robot45,Student46,Student46,chanelle_hegmann25@yahoo.com,123456
robot46,Student47,Student47,jaquelin.rodriguez@hotmail.com,123456
robot47,Student48,Student48,mylene_kiehn98@hotmail.com,123456
robot48,Student49,Student49,nicola6@hotmail.com,123456
robot49,Student50,Student50,ezequiel_morar3@gmail.com,123456
robot50,Student51,Student51,douglas.bayer@gmail.com,123456
robot51,Student52,Student52,summer_lowe96@hotmail.com,123456
robot52,Student53,Student53,carter60@gmail.com,123456
robot53,Student54,Student54,georgianna_stoltenberg21@gmail.com,123456
robot54,Student55,Student55,graciela_king@hotmail.com,123456
robot55,Student56,Student56,kadin82@hotmail.com,123456
robot56,Student57,Student57,darlene_braun@hotmail.com,123456
robot57,Student58,Student58,marina12@hotmail.com,123456
robot58,Student59,Student59,beryl.hessel@hotmail.com,123456
robot59,Student60,Student60,domenica.tremblay@hotmail.com,123456
robot60,Student61,Student61,ashtyn.stehr@gmail.com,123456
robot61,Student62,Student62,roy12@hotmail.com,123456
robot62,Student63,Student63,rusty_heathcote@yahoo.com,123456
robot63,Student64,Student64,alyce.hagenes@gmail.com,123456
robot64,Student65,Student65,florida94@yahoo.com,123456
robot65,Student66,Student66,savannah_haag56@yahoo.com,123456
robot66,Student67,Student67,edward3@gmail.com,123456
robot67,Student68,Student68,bianka.kilback@gmail.com,123456
robot68,Student69,Student69,curtis_rohan@hotmail.com,123456
robot69,Student70,Student70,leonora.stiedemann42@hotmail.com,123456
robot70,Student71,Student71,fabiola47@hotmail.com,123456
robot71,Student72,Student72,laurianne_fadel@yahoo.com,123456
robot72,Student73,Student73,unique_cormier@gmail.com,123456
robot73,Student74,Student74,frederik95@gmail.com,123456
robot74,Student75,Student75,benjamin.prohaska42@yahoo.com,123456
robot75,Student76,Student76,giovanny_gleichner83@yahoo.com,123456
robot76,Student77,Student77,jarvis37@yahoo.com,123456
robot77,Student78,Student78,ila16@gmail.com,123456
robot78,Student79,Student79,arianna73@hotmail.com,123456
robot79,Student80,Student80,landen14@hotmail.com,123456
robot80,Student81,Student81,alexie33@hotmail.com,123456
robot81,Student82,Student82,samson_reilly@yahoo.com,123456
robot82,Student83,Student83,arvid.dooley@hotmail.com,123456
robot83,Student84,Student84,berneice_stamm8@yahoo.com,123456
robot84,Student85,Student85,belle.macejkovic24@gmail.com,123456
robot85,Student86,Student86,laury.rowe75@gmail.com,123456
robot86,Student87,Student87,genoveva66@hotmail.com,123456
robot87,Student88,Student88,maximilian.mohr@hotmail.com,123456
robot88,Student89,Student89,isaias_aufderhar@gmail.com,123456
robot89,Student90,Student90,victor8@yahoo.com,123456
robot90,Student91,Student91,raina.wunsch12@gmail.com,123456
robot91,Student92,Student92,ariel.spencer@gmail.com,123456
robot92,Student93,Student93,jaylan.raynor@yahoo.com,123456
robot93,Student94,Student94,maria88@yahoo.com,123456
robot94,Student95,Student95,domenico.ortiz@gmail.com,123456
robot95,Student96,Student96,lizeth7@gmail.com,123456
robot96,Student97,Student97,gino_schiller@hotmail.com,123456
robot97,Student98,Student98,clotilde_ziemann@hotmail.com,123456
robot98,Student99,Student99,madaline8@gmail.com,123456
robot99,Student100,Student100,kitty67@hotmail.com,123456
robot100,Student101,Student101,dexter_quitzon22@gmail.com,123456
robot101,Student102,Student102,heloise.powlowski@gmail.com,123456
robot102,Student103,Student103,joe35@yahoo.com,123456
robot103,Student104,Student104,derrick61@hotmail.com,123456
robot104,Student105,Student105,jude98@gmail.com,123456
robot105,Student106,Student106,estevan97@yahoo.com,123456
robot106,Student107,Student107,ines.blanda15@gmail.com,123456
robot107,Student108,Student108,ryder41@hotmail.com,123456
robot108,Student109,Student109,cornell4@hotmail.com,123456
robot109,Student110,Student110,mittie.nienow68@hotmail.com,123456
robot110,Student111,Student111,sabryna_wolf@yahoo.com,123456
robot111,Student112,Student112,dolly_doyle@yahoo.com,123456
robot112,Student113,Student113,wilfrid59@gmail.com,123456
robot113,Student114,Student114,blaze_mante66@hotmail.com,123456
robot114,Student115,Student115,matt7@gmail.com,123456
robot115,Student116,Student116,polly.barrows@hotmail.com,123456
robot116,Student117,Student117,theresia.yost81@gmail.com,123456
robot117,Student118,Student118,meggie.harvey@gmail.com,123456
robot118,Student119,Student119,kolby40@hotmail.com,123456
robot119,Student120,Student120,gregoria56@gmail.com,123456
robot120,Student121,Student121,kaden_white80@gmail.com,123456
robot121,Student122,Student122,rickey27@gmail.com,123456
robot122,Student123,Student123,samir_oconnell22@hotmail.com,123456
robot123,Student124,Student124,stephen_hodkiewicz47@gmail.com,123456
robot124,Student125,Student125,melody.harris@hotmail.com,123456
robot125,Student126,Student126,maximillia_padberg45@gmail.com,123456
robot126,Student127,Student127,jordane.ankunding98@hotmail.com,123456
robot127,Student128,Student128,alexandra_pfannerstill31@yahoo.com,123456
robot128,Student129,Student129,nedra97@gmail.com,123456
robot129,Student130,Student130,rae.parisian24@hotmail.com,123456
robot130,Student131,Student131,keyshawn_hessel@yahoo.com,123456
robot131,Student132,Student132,benjamin_mcclure@yahoo.com,123456
robot132,Student133,Student133,colleen_stanton21@gmail.com,123456
robot133,Student134,Student134,felton12@gmail.com,123456
robot134,Student135,Student135,eloise19@gmail.com,123456
robot135,Student136,Student136,sylvan.fadel@yahoo.com,123456
robot136,Student137,Student137,cristobal.lang@hotmail.com,123456
robot137,Student138,Student138,americo.mitchell@hotmail.com,123456
robot138,Student139,Student139,levi.wehner@yahoo.com,123456
robot139,Student140,Student140,lorna64@gmail.com,123456
robot140,Student141,Student141,ricky.wolf42@hotmail.com,123456
robot141,Student142,Student142,meghan.nolan@gmail.com,123456
robot142,Student143,Student143,laury_bernier@hotmail.com,123456
robot143,Student144,Student144,dave9@hotmail.com,123456
robot144,Student145,Student145,oren47@yahoo.com,123456
robot145,Student146,Student146,quinton.stroman@yahoo.com,123456
robot146,Student147,Student147,eliseo59@yahoo.com,123456
robot147,Student148,Student148,elaina82@yahoo.com,123456
robot148,Student149,Student149,yadira42@yahoo.com,123456
robot149,Student150,Student150,fleta.stokes@gmail.com,123456
robot150,Student151,Student151,modesto.rath@hotmail.com,123456
robot151,Student152,Student152,bulah0@gmail.com,123456
robot152,Student153,Student153,shayna10@hotmail.com,123456
robot153,Student154,Student154,desiree.cruickshank@gmail.com,123456
robot154,Student155,Student155,reagan.kohler91@yahoo.com,123456
robot155,Student156,Student156,felipa24@gmail.com,123456
robot156,Student157,Student157,karlee55@gmail.com,123456
robot157,Student158,Student158,andreane_deckow68@yahoo.com,123456
robot158,Student159,Student159,mireya.larkin@gmail.com,123456
robot159,Student160,Student160,darwin.stoltenberg89@gmail.com,123456
robot160,Student161,Student161,rosetta51@gmail.com,123456
robot161,Student162,Student162,coy31@yahoo.com,123456
robot162,Student163,Student163,pinkie32@yahoo.com,123456
robot163,Student164,Student164,eunice86@hotmail.com,123456
robot164,Student165,Student165,kristian69@yahoo.com,123456
robot165,Student166,Student166,mckayla9@gmail.com,123456
robot166,Student167,Student167,hardy.schamberger66@yahoo.com,123456
robot167,Student168,Student168,valentina.frami@yahoo.com,123456
robot168,Student169,Student169,devan.lehner84@hotmail.com,123456
robot169,Student170,Student170,claudine.kassulke@yahoo.com,123456
robot170,Student171,Student171,kayleigh.reynolds@hotmail.com,123456
robot171,Student172,Student172,dolores16@gmail.com,123456
robot172,Student173,Student173,helene.goldner@yahoo.com,123456
robot173,Student174,Student174,amani.hand@gmail.com,123456
robot174,Student175,Student175,coby.kozey90@hotmail.com,123456
robot175,Student176,Student176,dorothea97@yahoo.com,123456
robot176,Student177,Student177,herta_rau7@yahoo.com,123456
robot177,Student178,Student178,jessica_collins@yahoo.com,123456
robot178,Student179,Student179,chester_will@gmail.com,123456
robot179,Student180,Student180,sven.larkin@yahoo.com,123456
robot180,Student181,Student181,skylar31@yahoo.com,123456
robot181,Student182,Student182,granville.marquardt@gmail.com,123456
robot182,Student183,Student183,gerry_macgyver91@gmail.com,123456
robot183,Student184,Student184,otis.stroman38@gmail.com,123456
robot184,Student185,Student185,oma_brakus92@yahoo.com,123456
robot185,Student186,Student186,arlene87@hotmail.com,123456
robot186,Student187,Student187,earnestine58@yahoo.com,123456
robot187,Student188,Student188,lue_osinski@gmail.com,123456
robot188,Student189,Student189,carol18@hotmail.com,123456
robot189,Student190,Student190,letitia.rowe@hotmail.com,123456
robot190,Student191,Student191,vanessa.crooks@hotmail.com,123456
robot191,Student192,Student192,otho_gorczany@yahoo.com,123456
robot192,Student193,Student193,krystina.kuhn9@gmail.com,123456
robot193,Student194,Student194,malachi_bosco18@hotmail.com,123456
robot194,Student195,Student195,dorothea_torp@hotmail.com,123456
robot195,Student196,Student196,easter.goldner1@gmail.com,123456
robot196,Student197,Student197,christophe_conn@hotmail.com,123456
robot197,Student198,Student198,jaylin_boehm@yahoo.com,123456
robot198,Student199,Student199,rogers_rogahn96@gmail.com,123456
robot199,Student200,Student200,donato.kiehn@gmail.com,123456
robot200,Student201,Student201,kaya60@yahoo.com,123456
robot201,Student202,Student202,brett_marks@gmail.com,123456
robot202,Student203,Student203,emile.crooks@hotmail.com,123456
robot203,Student204,Student204,leanne.prohaska84@hotmail.com,123456
robot204,Student205,Student205,florida_hayes@gmail.com,123456
robot205,Student206,Student206,rick.gaylord99@yahoo.com,123456
robot206,Student207,Student207,roselyn.strosin14@hotmail.com,123456
robot207,Student208,Student208,tyrel.walter@yahoo.com,123456
robot208,Student209,Student209,tiffany.kris85@hotmail.com,123456
robot209,Student210,Student210,crystal.heathcote@gmail.com,123456
robot210,Student211,Student211,gillian.nolan@yahoo.com,123456
robot211,Student212,Student212,vergie.erdman@hotmail.com,123456
robot212,Student213,Student213,terry_adams@hotmail.com,123456
robot213,Student214,Student214,mario_bartoletti@gmail.com,123456
robot214,Student215,Student215,joseph97@gmail.com,123456
robot215,Student216,Student216,emmitt58@gmail.com,123456
robot216,Student217,Student217,garnet_sipes@gmail.com,123456
robot217,Student218,Student218,doyle.strosin58@hotmail.com,123456
robot218,Student219,Student219,arnulfo23@gmail.com,123456
robot219,Student220,Student220,margie18@hotmail.com,123456
robot220,Student221,Student221,harley_altenwerth91@gmail.com,123456
robot221,Student222,Student222,ottis.terry@hotmail.com,123456
robot222,Student223,Student223,cyrus_halvorson@yahoo.com,123456
robot223,Student224,Student224,lesley66@hotmail.com,123456
robot224,Student225,Student225,heloise46@gmail.com,123456
robot225,Student226,Student226,martin_dietrich@gmail.com,123456
robot226,Student227,Student227,herman75@gmail.com,123456
robot227,Student228,Student228,marge.murazik52@hotmail.com,123456
robot228,Student229,Student229,olaf26@hotmail.com,123456
robot229,Student230,Student230,clemens49@gmail.com,123456
robot230,Student231,Student231,manley.lebsack@yahoo.com,123456
robot231,Student232,Student232,santina.koepp@gmail.com,123456
robot232,Student233,Student233,ericka30@hotmail.com,123456
robot233,Student234,Student234,otilia.lynch@gmail.com,123456
robot234,Student235,Student235,raina77@yahoo.com,123456
robot235,Student236,Student236,alayna77@yahoo.com,123456
robot236,Student237,Student237,graciela73@hotmail.com,123456
robot237,Student238,Student238,hettie42@hotmail.com,123456
robot238,Student239,Student239,jalen_beier42@gmail.com,123456
robot239,Student240,Student240,marques.goldner76@yahoo.com,123456
robot240,Student241,Student241,dahlia97@gmail.com,123456
robot241,Student242,Student242,shanna_labadie14@hotmail.com,123456
robot242,Student243,Student243,cielo1@gmail.com,123456
robot243,Student244,Student244,emanuel.bergnaum11@gmail.com,123456
robot244,Student245,Student245,hollie.lebsack@yahoo.com,123456
robot245,Student246,Student246,kiara.jast13@yahoo.com,123456
robot246,Student247,Student247,felix.bartoletti61@gmail.com,123456
robot247,Student248,Student248,meda0@yahoo.com,123456
robot248,Student249,Student249,ephraim.heller43@gmail.com,123456
robot249,Student250,Student250,aniya_hilpert27@gmail.com,123456
robot250,Student251,Student251,keenan.bernhard1@hotmail.com,123456
robot251,Student252,Student252,jaiden.labadie81@gmail.com,123456
robot252,Student253,Student253,braden27@yahoo.com,123456
robot253,Student254,Student254,lindsay.schmeler@gmail.com,123456
robot254,Student255,Student255,valentin.thiel65@hotmail.com,123456
robot255,Student256,Student256,nikita.tremblay6@gmail.com,123456
robot256,Student257,Student257,neil26@yahoo.com,123456
robot257,Student258,Student258,santino_adams23@yahoo.com,123456
robot258,Student259,Student259,garland.quitzon@yahoo.com,123456
robot259,Student260,Student260,myrl46@yahoo.com,123456
robot260,Student261,Student261,karianne_lindgren51@hotmail.com,123456
robot261,Student262,Student262,coty_bosco@yahoo.com,123456
robot262,Student263,Student263,savion.mraz21@yahoo.com,123456
robot263,Student264,Student264,deon.runolfsson79@yahoo.com,123456
robot264,Student265,Student265,jason30@yahoo.com,123456
robot265,Student266,Student266,elda.sanford81@hotmail.com,123456
robot266,Student267,Student267,maryam28@yahoo.com,123456
robot267,Student268,Student268,paige_renner@yahoo.com,123456
robot268,Student269,Student269,domenick_crona@hotmail.com,123456
robot269,Student270,Student270,jessie84@hotmail.com,123456
robot270,Student271,Student271,forest.bartoletti83@yahoo.com,123456
robot271,Student272,Student272,wilfrid.aufderhar2@hotmail.com,123456
robot272,Student273,Student273,margarett_hills86@yahoo.com,123456
robot273,Student274,Student274,ryann.fay52@yahoo.com,123456
robot274,Student275,Student275,solon.wilderman@yahoo.com,123456
robot275,Student276,Student276,beth36@hotmail.com,123456
robot276,Student277,Student277,shannon_quigley@yahoo.com,123456
robot277,Student278,Student278,vincent15@gmail.com,123456
robot278,Student279,Student279,delaney_bogan90@hotmail.com,123456
robot279,Student280,Student280,dell.crist@yahoo.com,123456
robot280,Student281,Student281,wilton7@yahoo.com,123456
robot281,Student282,Student282,johnnie.casper@yahoo.com,123456
robot282,Student283,Student283,valentine.johnson8@hotmail.com,123456
robot283,Student284,Student284,taurean0@gmail.com,123456
robot284,Student285,Student285,alfonso16@yahoo.com,123456
robot285,Student286,Student286,herta_nicolas47@hotmail.com,123456
robot286,Student287,Student287,morgan_fay@yahoo.com,123456
robot287,Student288,Student288,aniyah_macejkovic@hotmail.com,123456
robot288,Student289,Student289,lori_satterfield53@yahoo.com,123456
robot289,Student290,Student290,madeline21@yahoo.com,123456
robot290,Student291,Student291,caitlyn.leannon@yahoo.com,123456
robot291,Student292,Student292,seth_gottlieb3@yahoo.com,123456
robot292,Student293,Student293,noemie_gutmann@hotmail.com,123456
robot293,Student294,Student294,larissa_braun31@gmail.com,123456
robot294,Student295,Student295,ansel30@yahoo.com,123456
robot295,Student296,Student296,laisha2@hotmail.com,123456
robot296,Student297,Student297,serenity.cole56@gmail.com,123456
robot297,Student298,Student298,lysanne_olson95@hotmail.com,123456
robot298,Student299,Student299,berniece.lowe68@gmail.com,123456
robot299,Student300,Student300,juvenal_cremin@hotmail.com,123456
robot300,Student301,Student301,alysha.tremblay68@gmail.com,123456
robot301,Student302,Student302,taya2@yahoo.com,123456
robot302,Student303,Student303,jimmy.runte56@gmail.com,123456
robot303,Student304,Student304,mia.crooks6@yahoo.com,123456
robot304,Student305,Student305,dameon_kozey20@hotmail.com,123456
robot305,Student306,Student306,lamar_leffler34@hotmail.com,123456
robot306,Student307,Student307,elvie.gusikowski@gmail.com,123456
robot307,Student308,Student308,nat14@gmail.com,123456
robot308,Student309,Student309,matt_dicki@gmail.com,123456
robot309,Student310,Student310,kelly68@hotmail.com,123456
robot310,Student311,Student311,stephon42@gmail.com,123456
robot311,Student312,Student312,caleb.legros@yahoo.com,123456
robot312,Student313,Student313,anibal.schoen@yahoo.com,123456
robot313,Student314,Student314,louie.damore61@hotmail.com,123456
robot314,Student315,Student315,jerome23@hotmail.com,123456
robot315,Student316,Student316,jacynthe49@yahoo.com,123456
robot316,Student317,Student317,dario_moen@yahoo.com,123456
robot317,Student318,Student318,dayne.carroll45@hotmail.com,123456
robot318,Student319,Student319,myah.erdman81@yahoo.com,123456
robot319,Student320,Student320,zachery.conroy@gmail.com,123456
robot320,Student321,Student321,cornelius_keebler@gmail.com,123456
robot321,Student322,Student322,dawn_predovic10@gmail.com,123456
robot322,Student323,Student323,guiseppe.altenwerth54@yahoo.com,123456
robot323,Student324,Student324,chelsey_kovacek@yahoo.com,123456
robot324,Student325,Student325,hugh_schroeder81@yahoo.com,123456
robot325,Student326,Student326,laurie61@gmail.com,123456
robot326,Student327,Student327,christ14@hotmail.com,123456
robot327,Student328,Student328,mohamed.bahringer@yahoo.com,123456
robot328,Student329,Student329,jordon_gutkowski@hotmail.com,123456
robot329,Student330,Student330,cindy98@yahoo.com,123456
robot330,Student331,Student331,lew94@hotmail.com,123456
robot331,Student332,Student332,carmel.hansen67@hotmail.com,123456
robot332,Student333,Student333,santos.sauer82@hotmail.com,123456
robot333,Student334,Student334,jewel.bogisich@yahoo.com,123456
robot334,Student335,Student335,rylee_bogan@gmail.com,123456
robot335,Student336,Student336,lilyan7@hotmail.com,123456
robot336,Student337,Student337,tina.leuschke@hotmail.com,123456
robot337,Student338,Student338,keely.wolff58@gmail.com,123456
robot338,Student339,Student339,blaze_halvorson98@gmail.com,123456
robot339,Student340,Student340,odie_fisher29@gmail.com,123456
robot340,Student341,Student341,amelia.weber@gmail.com,123456
robot341,Student342,Student342,kevon.mayert@hotmail.com,123456
robot342,Student343,Student343,mary_wilderman47@gmail.com,123456
robot343,Student344,Student344,liliana_osinski@hotmail.com,123456
robot344,Student345,Student345,michale2@gmail.com,123456
robot345,Student346,Student346,caleigh_lakin43@gmail.com,123456
robot346,Student347,Student347,claudine2@hotmail.com,123456
robot347,Student348,Student348,adelia.koch@yahoo.com,123456
robot348,Student349,Student349,lavinia63@gmail.com,123456
robot349,Student350,Student350,shayne_welch@yahoo.com,123456
robot350,Student351,Student351,john.pagac64@hotmail.com,123456
robot351,Student352,Student352,claude_padberg@gmail.com,123456
robot352,Student353,Student353,chasity71@yahoo.com,123456
robot353,Student354,Student354,verla.hermann68@yahoo.com,123456
robot354,Student355,Student355,elenor_lemke@hotmail.com,123456
robot355,Student356,Student356,raphaelle_rippin@yahoo.com,123456
robot356,Student357,Student357,lonnie60@hotmail.com,123456
robot357,Student358,Student358,justen.boehm61@gmail.com,123456
robot358,Student359,Student359,ruben11@gmail.com,123456
robot359,Student360,Student360,rose.mccullough31@yahoo.com,123456
robot360,Student361,Student361,lonzo_torp39@gmail.com,123456
robot361,Student362,Student362,elody_shanahan88@gmail.com,123456
robot362,Student363,Student363,kennedi58@gmail.com,123456
robot363,Student364,Student364,esther72@gmail.com,123456
robot364,Student365,Student365,matt_baumbach37@yahoo.com,123456
robot365,Student366,Student366,candice.padberg@gmail.com,123456
robot366,Student367,Student367,antwon_conn19@yahoo.com,123456
robot367,Student368,Student368,geo15@gmail.com,123456
robot368,Student369,Student369,asha_pollich26@yahoo.com,123456
robot369,Student370,Student370,may49@yahoo.com,123456
robot370,Student371,Student371,donato_price56@yahoo.com,123456
robot371,Student372,Student372,gretchen_schmidt@hotmail.com,123456
robot372,Student373,Student373,kiley_ratke11@gmail.com,123456
robot373,Student374,Student374,amparo.larson@hotmail.com,123456
robot374,Student375,Student375,lindsey.veum83@yahoo.com,123456
robot375,Student376,Student376,elda82@gmail.com,123456
robot376,Student377,Student377,martin79@hotmail.com,123456
robot377,Student378,Student378,chaya.mckenzie@gmail.com,123456
robot378,Student379,Student379,javier19@gmail.com,123456
robot379,Student380,Student380,dewayne_bauch97@yahoo.com,123456
robot380,Student381,Student381,jose.daugherty73@gmail.com,123456
robot381,Student382,Student382,dariana88@gmail.com,123456
robot382,Student383,Student383,vivien71@gmail.com,123456
robot383,Student384,Student384,lydia.feeney3@gmail.com,123456
robot384,Student385,Student385,cooper10@hotmail.com,123456
robot385,Student386,Student386,desmond56@yahoo.com,123456
robot386,Student387,Student387,gillian.anderson@hotmail.com,123456
robot387,Student388,Student388,jasper_bruen15@hotmail.com,123456
robot388,Student389,Student389,jules.sipes@gmail.com,123456
robot389,Student390,Student390,eloise.rohan68@hotmail.com,123456
robot390,Student391,Student391,sydnie.stehr@gmail.com,123456
robot391,Student392,Student392,reed58@gmail.com,123456
robot392,Student393,Student393,kane.osinski9@gmail.com,123456
robot393,Student394,Student394,jaylen.wiza@hotmail.com,123456
robot394,Student395,Student395,jaydon_donnelly@gmail.com,123456
robot395,Student396,Student396,lucile1@yahoo.com,123456
robot396,Student397,Student397,fabian.champlin65@gmail.com,123456
robot397,Student398,Student398,dasia.dickens@hotmail.com,123456
robot398,Student399,Student399,sherman_king26@gmail.com,123456
robot399,Student400,Student400,deron11@gmail.com,123456
robot400,Student401,Student401,rylan.gaylord94@hotmail.com,123456
robot401,Student402,Student402,s1@example.com,123456
robot402,Student403,Student403,s2@example.com,123456
robot403,Student404,Student404,s3@example.com,123456
robot404,Student405,Student405,s4@example.com,123456
robot405,Student406,Student406,s5@example.com,123456
robot406,Student407,Student407,s6@example.com,123456
robot407,Student408,Student408,s7@example.com,123456
robot408,Student409,Student409,s8@example.com,123456
robot409,Student410,Student410,s9@example.com,123456
robot410,Student411,Student411,s10@example.com,123456
